load_w1_quantile,load_p1_p99_coverage,wind_w1_quantile,wind_p1_p99_coverage,solar_w1_quantile,solar_p1_p99_coverage,load_mean_profile_mae,load_std_profile_mae,load_ramp_mean_abs_diff,load_ramp_std_abs_diff,wind_mean_profile_mae,wind_std_profile_mae,wind_ramp_mean_abs_diff,wind_ramp_std_abs_diff,solar_mean_profile_mae,solar_std_profile_mae,solar_ramp_mean_abs_diff,solar_ramp_std_abs_diff,energy_mean_l1,energy_std_l1,cross_var_corr_frobenius,diversity_real_pairdist_mean,diversity_gen_pairdist_mean,diversity_ratio_gen_over_real
0.009789068588453458,0.9644047619047619,0.04063289557366867,0.9966071428571428,0.01587098789484515,0.9907142857142858,0.011576561316284019,0.010999084047139568,7.836702980752763e-05,0.01245753266894211,0.041871853168571435,0.024276921477710385,0.0003337788871813517,0.023148279107979636,0.016077083248829477,0.006874315840323156,7.57155795290676e-08,0.009129765594780993,3.117160082344622,1.7757826887259889,0.30019830325678243,5.245530591528139,4.879947870284761,0.9303058624542434
