{
  "multivariate_es": 2.772285998695199,
  "wind_crps": 0.13593993858980535,
  "wind_energy_score": -4.188128719173281,
  "wind_coverage_100%": 75.13818027210884,
  "wind_width_100%": 58.751367142896385,
  "wind_coverage_90%": 67.6764455782313,
  "wind_width_90%": 51.808435835414976,
  "wind_coverage_80%": 59.013605442176875,
  "wind_width_80%": 44.86550452793357,
  "wind_coverage_deviation_80%": -20.986394557823125,
  "wind_coverage_deviation_90%": -22.323554421768705,
  "wind_coverage_95%": 71.80059523809523,
  "wind_coverage_deviation_95%": -23.199404761904773,
  "wind_acf_mae": 0.038900281065089866,
  "solar_crps": 0.0669759568177917,
  "solar_energy_score": -2.7240382537828385,
  "solar_coverage_100%": 73.7563775510204,
  "solar_width_100%": 27.32229269927846,
  "solar_coverage_90%": 67.2937925170068,
  "solar_width_90%": 24.33170984667876,
  "solar_coverage_80%": 60.42729591836735,
  "solar_width_80%": 21.341126994079065,
  "solar_coverage_deviation_80%": -19.57270408163265,
  "solar_coverage_deviation_90%": -22.706207482993193,
  "solar_coverage_95%": 70.35501700680273,
  "solar_coverage_deviation_95%": -24.644982993197274,
  "solar_acf_mae": 0.027352882883748614,
  "load_crps": 0.06839997070512328,
  "load_energy_score": -2.075312784082707,
  "load_coverage_100%": 78.00807823129252,
  "load_width_100%": 32.97943120880145,
  "load_coverage_90%": 71.49234693877551,
  "load_width_90%": 28.66276127476482,
  "load_coverage_80%": 62.82950680272109,
  "load_width_80%": 24.346091340728208,
  "load_coverage_deviation_80%": -17.17049319727891,
  "load_coverage_deviation_90%": -18.507653061224488,
  "load_coverage_95%": 74.92559523809523,
  "load_coverage_deviation_95%": -20.074404761904773,
  "load_acf_mae": 0.007601894839225016,
  "total_crps": 0.09043862203757345,
  "total_energy_score": -2.995826585679609,
  "total_coverage_100%": 75.63421201814059,
  "total_width_100%": 39.684363683658766,
  "total_acf_mae": 0.024618352929354503
}