load_w1_quantile,load_p1_p99_coverage,wind_w1_quantile,wind_p1_p99_coverage,solar_w1_quantile,solar_p1_p99_coverage,load_mean_profile_mae,load_std_profile_mae,load_ramp_mean_abs_diff,load_ramp_std_abs_diff,wind_mean_profile_mae,wind_std_profile_mae,wind_ramp_mean_abs_diff,wind_ramp_std_abs_diff,solar_mean_profile_mae,solar_std_profile_mae,solar_ramp_mean_abs_diff,solar_ramp_std_abs_diff,energy_mean_l1,energy_std_l1,cross_var_corr_frobenius,diversity_real_pairdist_mean,diversity_gen_pairdist_mean,diversity_ratio_gen_over_real
0.014998846499035037,0.9901785714285715,0.04539010734584934,0.9925595238095238,0.027015522745368777,0.8818452380952381,0.023717966950176368,0.01582606776246656,0.0001009654708028389,0.01456704104292756,0.05298652190704364,0.03613091466698385,0.0007667959055222888,0.02018006328904197,0.027699017255682638,0.009265087530538622,7.273673150296607e-08,0.013928212139827714,4.791389683517473,2.8470546096625835,0.10430914846252808,4.5855771249587205,4.184881180608165,0.912618206485766
