{
  "load_w1_quantile": 0.014998846499035037,
  "load_p1_p99_coverage": 0.9901785714285715,
  "wind_w1_quantile": 0.04539010734584934,
  "wind_p1_p99_coverage": 0.9925595238095238,
  "solar_w1_quantile": 0.027015522745368777,
  "solar_p1_p99_coverage": 0.8818452380952381,
  "load_mean_profile_mae": 0.023717966950176368,
  "load_std_profile_mae": 0.01582606776246656,
  "load_ramp_mean_abs_diff": 0.0001009654708028389,
  "load_ramp_std_abs_diff": 0.01456704104292756,
  "wind_mean_profile_mae": 0.05298652190704364,
  "wind_std_profile_mae": 0.03613091466698385,
  "wind_ramp_mean_abs_diff": 0.0007667959055222888,
  "wind_ramp_std_abs_diff": 0.02018006328904197,
  "solar_mean_profile_mae": 0.027699017255682638,
  "solar_std_profile_mae": 0.009265087530538622,
  "solar_ramp_mean_abs_diff": 7.273673150296607e-08,
  "solar_ramp_std_abs_diff": 0.013928212139827714,
  "energy_mean_l1": 4.791389683517473,
  "energy_std_l1": 2.8470546096625835,
  "cross_var_corr_frobenius": 0.10430914846252808,
  "diversity_real_pairdist_mean": 4.5855771249587205,
  "diversity_gen_pairdist_mean": 4.184881180608165,
  "diversity_ratio_gen_over_real": 0.912618206485766
}