{
  "overall": {
    "ES": 3.2275170516967773,
    "CR": 0.3794444444444444,
    "SW": 0.2497255802154541
  },
  "by_variable": {
    "load": {
      "ES": 1.6293562507629396,
      "CR": 0.4411904761904762,
      "SW": 0.2302156239748001
    },
    "wind": {
      "ES": 2.0871878266334534,
      "CR": 0.5326190476190477,
      "SW": 0.35404646396636963
    },
    "solar": {
      "ES": 1.6864674115180969,
      "CR": 0.16452380952380952,
      "SW": 0.16491466760635376
    }
  }
}