{
  "run_dir": "save/cdm_eval_cpu_25w_100s",
  "mode": "eval_only",
  "checkpoint": "save/cdm_germany_20260410_030728/best_model.pth",
  "best_epoch": 30,
  "best_valid_mse": 0.04477895516902208,
  "train_loss_last": null,
  "valid_loss_last": null,
  "eval_weeks": 25,
  "num_scenarios": 100,
  "metrics": {
    "overall": {
      "ES": 3.2275170516967773,
      "CR": 0.3794444444444444,
      "SW": 0.2497255802154541
    },
    "by_variable": {
      "load": {
        "ES": 1.6293562507629396,
        "CR": 0.4411904761904762,
        "SW": 0.2302156239748001
      },
      "wind": {
        "ES": 2.0871878266334534,
        "CR": 0.5326190476190477,
        "SW": 0.35404646396636963
      },
      "solar": {
        "ES": 1.6864674115180969,
        "CR": 0.16452380952380952,
        "SW": 0.16491466760635376
      }
    }
  },
  "split": {
    "train_indices": [
      0,
      1,
      2,
      3,
      4,
      5,
      6,
      7,
      8,
      9,
      10,
      11,
      12,
      13,
      14,
      15,
      16,
      17,
      18,
      19,
      20,
      21,
      22,
      23,
      24,
      25,
      26,
      27,
      28,
      29,
      30,
      31,
      32,
      33,
      34,
      35,
      36,
      37,
      38,
      39,
      40,
      41,
      42,
      43,
      44,
      45,
      46,
      47,
      48,
      49,
      50,
      51,
      52,
      53,
      54,
      55,
      56,
      57,
      58,
      59,
      60,
      61,
      62,
      63,
      64,
      65,
      66,
      67,
      68,
      69,
      70,
      71,
      72,
      73,
      74,
      75,
      76,
      77,
      78,
      79,
      80,
      81,
      82,
      83,
      84,
      85,
      86,
      87,
      88,
      89,
      90,
      91,
      92,
      93,
      94,
      95,
      96,
      97,
      98,
      99,
      100,
      101,
      102,
      103,
      104,
      105,
      106,
      107,
      108,
      109,
      110,
      111,
      112,
      113,
      114
    ],
    "valid_indices": [
      115,
      116,
      117,
      118,
      119,
      120,
      121,
      122,
      123,
      124,
      125,
      126,
      127,
      128,
      129,
      130,
      131,
      132,
      133,
      134,
      135,
      136,
      137,
      138,
      139
    ],
    "test_indices": [
      140,
      141,
      142,
      143,
      144,
      145,
      146,
      147,
      148,
      149,
      150,
      151,
      152,
      153,
      154,
      155,
      156,
      157,
      158,
      159,
      160,
      161,
      162,
      163,
      164
    ]
  }
}