{
  "load_w1_quantile": 0.019057132880623003,
  "load_p1_p99_coverage": 0.9979166666666667,
  "wind_w1_quantile": 0.03381213134611469,
  "wind_p1_p99_coverage": 0.99875,
  "solar_w1_quantile": 0.008065653313373937,
  "solar_p1_p99_coverage": 0.9928571428571429,
  "load_mean_profile_mae": 0.012403193267320482,
  "load_std_profile_mae": 0.03251021221779835,
  "load_ramp_mean_abs_diff": 0.00013439159263930675,
  "load_ramp_std_abs_diff": 0.019411094153656397,
  "wind_mean_profile_mae": 0.02787989219042635,
  "wind_std_profile_mae": 0.034993466236385,
  "wind_ramp_mean_abs_diff": 0.0002344152161740101,
  "wind_ramp_std_abs_diff": 0.019933988145817188,
  "solar_mean_profile_mae": 0.01339145860022346,
  "solar_std_profile_mae": 0.008503880680058532,
  "solar_ramp_mean_abs_diff": 1.0778840075092207e-06,
  "solar_ramp_std_abs_diff": 0.004032907455965781,
  "energy_mean_l1": 1.7664989581364334,
  "energy_std_l1": 3.105822725007222,
  "cross_var_corr_frobenius": 0.5506309336083378,
  "diversity_real_pairdist_mean": 4.614900524309522,
  "diversity_gen_pairdist_mean": 3.7363906591296137,
  "diversity_ratio_gen_over_real": 0.8096362275527679
}