load_w1_quantile,load_p1_p99_coverage,wind_w1_quantile,wind_p1_p99_coverage,solar_w1_quantile,solar_p1_p99_coverage,load_mean_profile_mae,load_std_profile_mae,load_ramp_mean_abs_diff,load_ramp_std_abs_diff,wind_mean_profile_mae,wind_std_profile_mae,wind_ramp_mean_abs_diff,wind_ramp_std_abs_diff,solar_mean_profile_mae,solar_std_profile_mae,solar_ramp_mean_abs_diff,solar_ramp_std_abs_diff,energy_mean_l1,energy_std_l1,cross_var_corr_frobenius,diversity_real_pairdist_mean,diversity_gen_pairdist_mean,diversity_ratio_gen_over_real
0.022445629147528536,0.9761904761904762,0.08052068973971573,0.9961309523809524,0.0426053946134702,0.9877976190476191,0.025487677235671764,0.010736662219317744,0.0001039660252566303,0.012140063011995765,0.08270550774961735,0.036631401573263694,0.0007332127358639863,0.021705299956856928,0.04249149847681456,0.009492944746436114,7.672076184773116e-08,0.01594112636974624,8.087257981626959,2.655677537524635,0.18986531491292524,5.245530591528139,4.833726248184521,0.9214942425035801
