{
  "load_w1_quantile": 0.010733369153779208,
  "load_p1_p99_coverage": 0.9120238095238096,
  "wind_w1_quantile": 0.018349887293428006,
  "wind_p1_p99_coverage": 0.9877976190476191,
  "solar_w1_quantile": 0.007787665116250274,
  "solar_p1_p99_coverage": 0.9938095238095238,
  "load_mean_profile_mae": 0.022517790790004398,
  "load_std_profile_mae": 0.034884832888397624,
  "load_ramp_mean_abs_diff": 2.3998043892583832e-05,
  "load_ramp_std_abs_diff": 0.02547708550503995,
  "wind_mean_profile_mae": 0.02020018139795493,
  "wind_std_profile_mae": 0.02907515316448422,
  "wind_ramp_mean_abs_diff": 0.0004742678803266152,
  "wind_ramp_std_abs_diff": 0.013556461861891522,
  "solar_mean_profile_mae": 0.011380518609965223,
  "solar_std_profile_mae": 0.022785376940444194,
  "solar_ramp_mean_abs_diff": 1.7452252265660236e-07,
  "solar_ramp_std_abs_diff": 0.003906271368591174,
  "energy_mean_l1": 1.0172980729323509,
  "energy_std_l1": 1.9716298479853824,
  "cross_var_corr_frobenius": 1.760474050133131,
  "diversity_real_pairdist_mean": 3.80175942988292,
  "diversity_gen_pairdist_mean": 2.068167896844724,
  "diversity_ratio_gen_over_real": 0.5440028306757926
}