load_w1_quantile,load_p1_p99_coverage,wind_w1_quantile,wind_p1_p99_coverage,solar_w1_quantile,solar_p1_p99_coverage,load_mean_profile_mae,load_std_profile_mae,load_ramp_mean_abs_diff,load_ramp_std_abs_diff,wind_mean_profile_mae,wind_std_profile_mae,wind_ramp_mean_abs_diff,wind_ramp_std_abs_diff,solar_mean_profile_mae,solar_std_profile_mae,solar_ramp_mean_abs_diff,solar_ramp_std_abs_diff,energy_mean_l1,energy_std_l1,cross_var_corr_frobenius,diversity_real_pairdist_mean,diversity_gen_pairdist_mean,diversity_ratio_gen_over_real
0.010733369153779208,0.9120238095238096,0.018349887293428006,0.9877976190476191,0.007787665116250274,0.9938095238095238,0.022517790790004398,0.034884832888397624,2.3998043892583832e-05,0.02547708550503995,0.02020018139795493,0.02907515316448422,0.0004742678803266152,0.013556461861891522,0.011380518609965223,0.022785376940444194,1.7452252265660236e-07,0.003906271368591174,1.0172980729323509,1.9716298479853824,1.760474050133131,3.80175942988292,2.068167896844724,0.5440028306757926
