{
  "load_w1_quantile": 0.007039280519912914,
  "load_p1_p99_coverage": 0.9685714285714285,
  "wind_w1_quantile": 0.0265252769661144,
  "wind_p1_p99_coverage": 0.9929166666666667,
  "solar_w1_quantile": 0.019067724142666186,
  "solar_p1_p99_coverage": 0.8595833333333334,
  "load_mean_profile_mae": 0.015443058216060618,
  "load_std_profile_mae": 0.00954203648372821,
  "load_ramp_mean_abs_diff": 4.515489748503065e-05,
  "load_ramp_std_abs_diff": 0.012557323222833816,
  "wind_mean_profile_mae": 0.027207526735723814,
  "wind_std_profile_mae": 0.03216765309108967,
  "wind_ramp_mean_abs_diff": 0.0003287524177626567,
  "wind_ramp_std_abs_diff": 0.019978167395837573,
  "solar_mean_profile_mae": 0.019251107992215744,
  "solar_std_profile_mae": 0.007445483204541311,
  "solar_ramp_mean_abs_diff": 1.3852479097287926e-07,
  "solar_ramp_std_abs_diff": 0.010390208830821382,
  "energy_mean_l1": 2.574433448080922,
  "energy_std_l1": 1.5739045320550218,
  "cross_var_corr_frobenius": 0.26100068465201975,
  "diversity_real_pairdist_mean": 4.173504030566358,
  "diversity_gen_pairdist_mean": 3.792415130351231,
  "diversity_ratio_gen_over_real": 0.9086885009548447
}