load_w1_quantile,load_p1_p99_coverage,wind_w1_quantile,wind_p1_p99_coverage,solar_w1_quantile,solar_p1_p99_coverage,load_mean_profile_mae,load_std_profile_mae,load_ramp_mean_abs_diff,load_ramp_std_abs_diff,wind_mean_profile_mae,wind_std_profile_mae,wind_ramp_mean_abs_diff,wind_ramp_std_abs_diff,solar_mean_profile_mae,solar_std_profile_mae,solar_ramp_mean_abs_diff,solar_ramp_std_abs_diff,energy_mean_l1,energy_std_l1,cross_var_corr_frobenius,diversity_real_pairdist_mean,diversity_gen_pairdist_mean,diversity_ratio_gen_over_real
0.020337515152679682,0.987202380952381,0.03187750962667297,0.9919642857142857,0.045537688149063636,0.8660714285714286,0.024401915698268387,0.017609676512184504,2.840793622754502e-05,0.014306401675137831,0.03966870855074914,0.03873122314263541,0.00026593037357103966,0.01887036558112806,0.045523813810339576,0.009103347003181748,4.951901094264891e-08,0.018083204651271556,5.38791580687629,2.786709205796995,0.3673440448289568,4.173504030566358,3.6858184788486836,0.8831472170681082
