{
  "load_w1_quantile": 0.020337515152679682,
  "load_p1_p99_coverage": 0.987202380952381,
  "wind_w1_quantile": 0.03187750962667297,
  "wind_p1_p99_coverage": 0.9919642857142857,
  "solar_w1_quantile": 0.045537688149063636,
  "solar_p1_p99_coverage": 0.8660714285714286,
  "load_mean_profile_mae": 0.024401915698268387,
  "load_std_profile_mae": 0.017609676512184504,
  "load_ramp_mean_abs_diff": 2.840793622754502e-05,
  "load_ramp_std_abs_diff": 0.014306401675137831,
  "wind_mean_profile_mae": 0.03966870855074914,
  "wind_std_profile_mae": 0.03873122314263541,
  "wind_ramp_mean_abs_diff": 0.00026593037357103966,
  "wind_ramp_std_abs_diff": 0.01887036558112806,
  "solar_mean_profile_mae": 0.045523813810339576,
  "solar_std_profile_mae": 0.009103347003181748,
  "solar_ramp_mean_abs_diff": 4.951901094264891e-08,
  "solar_ramp_std_abs_diff": 0.018083204651271556,
  "energy_mean_l1": 5.38791580687629,
  "energy_std_l1": 2.786709205796995,
  "cross_var_corr_frobenius": 0.3673440448289568,
  "diversity_real_pairdist_mean": 4.173504030566358,
  "diversity_gen_pairdist_mean": 3.6858184788486836,
  "diversity_ratio_gen_over_real": 0.8831472170681082
}