{
  "load_w1_quantile": 0.01458610139298298,
  "load_p1_p99_coverage": 0.9866071428571429,
  "wind_w1_quantile": 0.025181094450203688,
  "wind_p1_p99_coverage": 0.9948214285714285,
  "solar_w1_quantile": 0.0053687685252169085,
  "solar_p1_p99_coverage": 0.8670833333333333,
  "load_mean_profile_mae": 0.018024551731349214,
  "load_std_profile_mae": 0.009935052226978755,
  "load_ramp_mean_abs_diff": 0.0001027706663118206,
  "load_ramp_std_abs_diff": 0.01280253449229117,
  "wind_mean_profile_mae": 0.031890504030604054,
  "wind_std_profile_mae": 0.023594092584397645,
  "wind_ramp_mean_abs_diff": 0.00041677804528276796,
  "wind_ramp_std_abs_diff": 0.022465386436467692,
  "solar_mean_profile_mae": 0.010860323906396225,
  "solar_std_profile_mae": 0.007599071416551958,
  "solar_ramp_mean_abs_diff": 4.689398687717281e-10,
  "solar_ramp_std_abs_diff": 0.005553827734832595,
  "energy_mean_l1": 2.178776067250954,
  "energy_std_l1": 1.1859297836242249,
  "cross_var_corr_frobenius": 0.0736556549664969,
  "diversity_real_pairdist_mean": 4.5855771249587205,
  "diversity_gen_pairdist_mean": 4.339586002519622,
  "diversity_ratio_gen_over_real": 0.9463554695081335
}