load_w1_quantile,load_p1_p99_coverage,wind_w1_quantile,wind_p1_p99_coverage,solar_w1_quantile,solar_p1_p99_coverage,load_mean_profile_mae,load_std_profile_mae,load_ramp_mean_abs_diff,load_ramp_std_abs_diff,wind_mean_profile_mae,wind_std_profile_mae,wind_ramp_mean_abs_diff,wind_ramp_std_abs_diff,solar_mean_profile_mae,solar_std_profile_mae,solar_ramp_mean_abs_diff,solar_ramp_std_abs_diff,energy_mean_l1,energy_std_l1,cross_var_corr_frobenius,diversity_real_pairdist_mean,diversity_gen_pairdist_mean,diversity_ratio_gen_over_real
0.01458610139298298,0.9866071428571429,0.025181094450203688,0.9948214285714285,0.0053687685252169085,0.8670833333333333,0.018024551731349214,0.009935052226978755,0.0001027706663118206,0.01280253449229117,0.031890504030604054,0.023594092584397645,0.00041677804528276796,0.022465386436467692,0.010860323906396225,0.007599071416551958,4.689398687717281e-10,0.005553827734832595,2.178776067250954,1.1859297836242249,0.0736556549664969,4.5855771249587205,4.339586002519622,0.9463554695081335
