multivariate_es,wind_crps,wind_energy_score,wind_coverage_100%,wind_width_100%,wind_coverage_90%,wind_width_90%,wind_coverage_80%,wind_width_80%,wind_coverage_deviation_80%,wind_coverage_deviation_90%,wind_coverage_95%,wind_coverage_deviation_95%,wind_acf_mae,solar_crps,solar_energy_score,solar_coverage_100%,solar_width_100%,solar_coverage_90%,solar_width_90%,solar_coverage_80%,solar_width_80%,solar_coverage_deviation_80%,solar_coverage_deviation_90%,solar_coverage_95%,solar_coverage_deviation_95%,solar_acf_mae,load_crps,load_energy_score,load_coverage_100%,load_width_100%,load_coverage_90%,load_width_90%,load_coverage_80%,load_width_80%,load_coverage_deviation_80%,load_coverage_deviation_90%,load_coverage_95%,load_coverage_deviation_95%,load_acf_mae,total_crps,total_energy_score,total_coverage_100%,total_width_100%,total_acf_mae
2.030656518881662,0.08051284392615557,-2.6267272154325316,72.26190476190476,44.574302636672634,65.22727272727272,37.55496763137293,56.76406926406926,30.53563262607325,-23.235930735930737,-24.77272727272728,68.75541125541126,-26.24458874458874,0.027073574550098872,0.05188350251272894,-2.1835533433193155,76.90476190476191,25.606931603940225,69.24242424242424,22.711652503687006,61.201298701298704,19.816373403433793,-18.798701298701296,-20.757575757575765,72.54329004329004,-22.456709956709958,0.019561182650929116,0.06422634291660415,-1.9139857136941054,79.67532467532467,32.54296536402702,73.47402597402596,28.531989894067898,63.92857142857142,24.52101442410879,-16.071428571428577,-16.525974025974037,76.74242424242425,-18.25757575757575,0.010822616105354038,0.06554089645182955,-2.2414220908153175,76.28066378066379,34.2413998682133,0.01915245776879401
