{
  "multivariate_es": 2.030656518881662,
  "wind_crps": 0.08051284392615557,
  "wind_energy_score": -2.6267272154325316,
  "wind_coverage_100%": 72.26190476190476,
  "wind_width_100%": 44.574302636672634,
  "wind_coverage_90%": 65.22727272727272,
  "wind_width_90%": 37.55496763137293,
  "wind_coverage_80%": 56.76406926406926,
  "wind_width_80%": 30.53563262607325,
  "wind_coverage_deviation_80%": -23.235930735930737,
  "wind_coverage_deviation_90%": -24.77272727272728,
  "wind_coverage_95%": 68.75541125541126,
  "wind_coverage_deviation_95%": -26.24458874458874,
  "wind_acf_mae": 0.027073574550098872,
  "solar_crps": 0.05188350251272894,
  "solar_energy_score": -2.1835533433193155,
  "solar_coverage_100%": 76.90476190476191,
  "solar_width_100%": 25.606931603940225,
  "solar_coverage_90%": 69.24242424242424,
  "solar_width_90%": 22.711652503687006,
  "solar_coverage_80%": 61.201298701298704,
  "solar_width_80%": 19.816373403433793,
  "solar_coverage_deviation_80%": -18.798701298701296,
  "solar_coverage_deviation_90%": -20.757575757575765,
  "solar_coverage_95%": 72.54329004329004,
  "solar_coverage_deviation_95%": -22.456709956709958,
  "solar_acf_mae": 0.019561182650929116,
  "load_crps": 0.06422634291660415,
  "load_energy_score": -1.9139857136941054,
  "load_coverage_100%": 79.67532467532467,
  "load_width_100%": 32.54296536402702,
  "load_coverage_90%": 73.47402597402596,
  "load_width_90%": 28.531989894067898,
  "load_coverage_80%": 63.92857142857142,
  "load_width_80%": 24.52101442410879,
  "load_coverage_deviation_80%": -16.071428571428577,
  "load_coverage_deviation_90%": -16.525974025974037,
  "load_coverage_95%": 76.74242424242425,
  "load_coverage_deviation_95%": -18.25757575757575,
  "load_acf_mae": 0.010822616105354038,
  "total_crps": 0.06554089645182955,
  "total_energy_score": -2.2414220908153175,
  "total_coverage_100%": 76.28066378066379,
  "total_width_100%": 34.2413998682133,
  "total_acf_mae": 0.01915245776879401
}