{
  "load_w1_quantile": 0.008267350968362794,
  "load_p1_p99_coverage": 0.9479166666666666,
  "wind_w1_quantile": 0.03776386148252321,
  "wind_p1_p99_coverage": 0.9935714285714285,
  "solar_w1_quantile": 0.009639172968453399,
  "solar_p1_p99_coverage": 0.9944642857142857,
  "load_mean_profile_mae": 0.012582157452352668,
  "load_std_profile_mae": 0.011688638957897428,
  "load_ramp_mean_abs_diff": 1.3812812922581256e-05,
  "load_ramp_std_abs_diff": 0.01886446441319356,
  "wind_mean_profile_mae": 0.0502714719078884,
  "wind_std_profile_mae": 0.04129652042841453,
  "wind_ramp_mean_abs_diff": 0.0008280008058566317,
  "wind_ramp_std_abs_diff": 0.013656455217170287,
  "solar_mean_profile_mae": 0.009745469377718839,
  "solar_std_profile_mae": 0.009892193140928898,
  "solar_ramp_mean_abs_diff": 3.6513512655337033e-07,
  "solar_ramp_std_abs_diff": 0.0010250103460648363,
  "energy_mean_l1": 2.643340535184604,
  "energy_std_l1": 1.3924367486145357,
  "cross_var_corr_frobenius": 0.7346289574450228,
  "diversity_real_pairdist_mean": 4.1473439847301155,
  "diversity_gen_pairdist_mean": 3.2092015263713893,
  "diversity_ratio_gen_over_real": 0.7737968035564953
}