{
  "load_w1_quantile": 0.027342806409316443,
  "load_p1_p99_coverage": 0.9985119047619048,
  "wind_w1_quantile": 0.04293282413563769,
  "wind_p1_p99_coverage": 0.9973214285714286,
  "solar_w1_quantile": 0.008660927889833197,
  "solar_p1_p99_coverage": 0.9940476190476191,
  "load_mean_profile_mae": 0.01884488840410057,
  "load_std_profile_mae": 0.04757135465848482,
  "load_ramp_mean_abs_diff": 6.41951974297245e-05,
  "load_ramp_std_abs_diff": 0.017247347667826977,
  "wind_mean_profile_mae": 0.033070805948578266,
  "wind_std_profile_mae": 0.05337653879248346,
  "wind_ramp_mean_abs_diff": 0.00020857096970694434,
  "wind_ramp_std_abs_diff": 0.01606328937566418,
  "solar_mean_profile_mae": 0.009745080175518459,
  "solar_std_profile_mae": 0.016621922465692336,
  "solar_ramp_mean_abs_diff": 2.391688916903023e-06,
  "solar_ramp_std_abs_diff": 0.0027092233840253638,
  "energy_mean_l1": 1.8379301016959435,
  "energy_std_l1": 5.211883901494975,
  "cross_var_corr_frobenius": 1.2368044148602149,
  "diversity_real_pairdist_mean": 4.614900524309522,
  "diversity_gen_pairdist_mean": 3.3137295093680823,
  "diversity_ratio_gen_over_real": 0.7180500391573186
}