load_w1_quantile,load_p1_p99_coverage,wind_w1_quantile,wind_p1_p99_coverage,solar_w1_quantile,solar_p1_p99_coverage,load_mean_profile_mae,load_std_profile_mae,load_ramp_mean_abs_diff,load_ramp_std_abs_diff,wind_mean_profile_mae,wind_std_profile_mae,wind_ramp_mean_abs_diff,wind_ramp_std_abs_diff,solar_mean_profile_mae,solar_std_profile_mae,solar_ramp_mean_abs_diff,solar_ramp_std_abs_diff,energy_mean_l1,energy_std_l1,cross_var_corr_frobenius,diversity_real_pairdist_mean,diversity_gen_pairdist_mean,diversity_ratio_gen_over_real
0.027342806409316443,0.9985119047619048,0.04293282413563769,0.9973214285714286,0.008660927889833197,0.9940476190476191,0.01884488840410057,0.04757135465848482,6.41951974297245e-05,0.017247347667826977,0.033070805948578266,0.05337653879248346,0.00020857096970694434,0.01606328937566418,0.009745080175518459,0.016621922465692336,2.391688916903023e-06,0.0027092233840253638,1.8379301016959435,5.211883901494975,1.2368044148602149,4.614900524309522,3.3137295093680823,0.7180500391573186
