multivariate_es,wind_crps,wind_energy_score,wind_coverage_100%,wind_width_100%,wind_coverage_90%,wind_width_90%,wind_coverage_80%,wind_width_80%,wind_coverage_deviation_80%,wind_coverage_deviation_90%,wind_coverage_95%,wind_coverage_deviation_95%,wind_acf_mae,solar_crps,solar_energy_score,solar_coverage_100%,solar_width_100%,solar_coverage_90%,solar_width_90%,solar_coverage_80%,solar_width_80%,solar_coverage_deviation_80%,solar_coverage_deviation_90%,solar_coverage_95%,solar_coverage_deviation_95%,solar_acf_mae,load_crps,load_energy_score,load_coverage_100%,load_width_100%,load_coverage_90%,load_width_90%,load_coverage_80%,load_width_80%,load_coverage_deviation_80%,load_coverage_deviation_90%,load_coverage_95%,load_coverage_deviation_95%,load_acf_mae,total_crps,total_energy_score,total_coverage_100%,total_width_100%,total_acf_mae
2.772285998695199,0.13593993858980535,-4.188128719173281,75.13818027210884,58.751367142896385,67.6764455782313,51.808435835414976,59.013605442176875,44.86550452793357,-20.986394557823125,-22.323554421768705,71.80059523809523,-23.199404761904773,0.038900281065089866,0.0669759568177917,-2.7240382537828385,73.7563775510204,27.32229269927846,67.2937925170068,24.33170984667876,60.42729591836735,21.341126994079065,-19.57270408163265,-22.706207482993193,70.35501700680273,-24.644982993197274,0.027352882883748614,0.06839997070512328,-2.075312784082707,78.00807823129252,32.97943120880145,71.49234693877551,28.66276127476482,62.82950680272109,24.346091340728208,-17.17049319727891,-18.507653061224488,74.92559523809523,-20.074404761904773,0.007601894839225016,0.09043862203757345,-2.995826585679609,75.63421201814059,39.684363683658766,0.024618352929354503
