{
  "load_w1_quantile": 0.022445629147528536,
  "load_p1_p99_coverage": 0.9761904761904762,
  "wind_w1_quantile": 0.08052068973971573,
  "wind_p1_p99_coverage": 0.9961309523809524,
  "solar_w1_quantile": 0.0426053946134702,
  "solar_p1_p99_coverage": 0.9877976190476191,
  "load_mean_profile_mae": 0.025487677235671764,
  "load_std_profile_mae": 0.010736662219317744,
  "load_ramp_mean_abs_diff": 0.0001039660252566303,
  "load_ramp_std_abs_diff": 0.012140063011995765,
  "wind_mean_profile_mae": 0.08270550774961735,
  "wind_std_profile_mae": 0.036631401573263694,
  "wind_ramp_mean_abs_diff": 0.0007332127358639863,
  "wind_ramp_std_abs_diff": 0.021705299956856928,
  "solar_mean_profile_mae": 0.04249149847681456,
  "solar_std_profile_mae": 0.009492944746436114,
  "solar_ramp_mean_abs_diff": 7.672076184773116e-08,
  "solar_ramp_std_abs_diff": 0.01594112636974624,
  "energy_mean_l1": 8.087257981626959,
  "energy_std_l1": 2.655677537524635,
  "cross_var_corr_frobenius": 0.18986531491292524,
  "diversity_real_pairdist_mean": 5.245530591528139,
  "diversity_gen_pairdist_mean": 4.833726248184521,
  "diversity_ratio_gen_over_real": 0.9214942425035801
}