load_w1_quantile,load_p1_p99_coverage,wind_w1_quantile,wind_p1_p99_coverage,solar_w1_quantile,solar_p1_p99_coverage,load_mean_profile_mae,load_std_profile_mae,load_ramp_mean_abs_diff,load_ramp_std_abs_diff,wind_mean_profile_mae,wind_std_profile_mae,wind_ramp_mean_abs_diff,wind_ramp_std_abs_diff,solar_mean_profile_mae,solar_std_profile_mae,solar_ramp_mean_abs_diff,solar_ramp_std_abs_diff,energy_mean_l1,energy_std_l1,cross_var_corr_frobenius,diversity_real_pairdist_mean,diversity_gen_pairdist_mean,diversity_ratio_gen_over_real
0.007039280519912914,0.9685714285714285,0.0265252769661144,0.9929166666666667,0.019067724142666186,0.8595833333333334,0.015443058216060618,0.00954203648372821,4.515489748503065e-05,0.012557323222833816,0.027207526735723814,0.03216765309108967,0.0003287524177626567,0.019978167395837573,0.019251107992215744,0.007445483204541311,1.3852479097287926e-07,0.010390208830821382,2.574433448080922,1.5739045320550218,0.26100068465201975,4.173504030566358,3.792415130351231,0.9086885009548447
