load_w1_quantile,load_p1_p99_coverage,wind_w1_quantile,wind_p1_p99_coverage,solar_w1_quantile,solar_p1_p99_coverage,load_mean_profile_mae,load_std_profile_mae,load_ramp_mean_abs_diff,load_ramp_std_abs_diff,wind_mean_profile_mae,wind_std_profile_mae,wind_ramp_mean_abs_diff,wind_ramp_std_abs_diff,solar_mean_profile_mae,solar_std_profile_mae,solar_ramp_mean_abs_diff,solar_ramp_std_abs_diff,energy_mean_l1,energy_std_l1,cross_var_corr_frobenius,diversity_real_pairdist_mean,diversity_gen_pairdist_mean,diversity_ratio_gen_over_real,label,metrics_path,composite_score_smaller_better
0.007039280519912914,0.9685714285714285,0.0265252769661144,0.9929166666666667,0.019067724142666186,0.8595833333333334,0.015443058216060618,0.00954203648372821,4.515489748503065e-05,0.012557323222833816,0.027207526735723814,0.03216765309108967,0.0003287524177626567,0.019978167395837573,0.019251107992215744,0.007445483204541311,1.3852479097287926e-07,0.010390208830821382,2.574433448080922,1.5739045320550218,0.26100068465201975,4.173504030566358,3.792415130351231,0.9086885009548447,0,experiments/germany_20260404/eval_label0/metrics.json,2.9499681073056356
0.01458610139298298,0.9866071428571429,0.025181094450203688,0.9948214285714285,0.0053687685252169085,0.8670833333333333,0.018024551731349214,0.009935052226978755,0.0001027706663118206,0.01280253449229117,0.031890504030604054,0.023594092584397645,0.00041677804528276796,0.022465386436467692,0.010860323906396225,0.007599071416551958,4.689398687717281e-10,0.005553827734832595,2.178776067250954,1.1859297836242249,0.0736556549664969,4.5855771249587205,4.339586002519622,0.9463554695081335,1,experiments/germany_20260404/eval_label1/metrics.json,2.358343066254204
0.009789068588453458,0.9644047619047619,0.04063289557366867,0.9966071428571428,0.01587098789484515,0.9907142857142858,0.011576561316284019,0.010999084047139568,7.836702980752763e-05,0.01245753266894211,0.041871853168571435,0.024276921477710385,0.0003337788871813517,0.023148279107979636,0.016077083248829477,0.006874315840323156,7.57155795290676e-08,0.009129765594780993,3.117160082344622,1.7757826887259889,0.30019830325678243,5.245530591528139,4.879947870284761,0.9303058624542434,2,experiments/germany_20260404/eval_label2/metrics.json,3.5531768353920565
