load_w1_quantile,load_p1_p99_coverage,wind_w1_quantile,wind_p1_p99_coverage,solar_w1_quantile,solar_p1_p99_coverage,load_mean_profile_mae,load_std_profile_mae,load_ramp_mean_abs_diff,load_ramp_std_abs_diff,wind_mean_profile_mae,wind_std_profile_mae,wind_ramp_mean_abs_diff,wind_ramp_std_abs_diff,solar_mean_profile_mae,solar_std_profile_mae,solar_ramp_mean_abs_diff,solar_ramp_std_abs_diff,energy_mean_l1,energy_std_l1,cross_var_corr_frobenius,diversity_real_pairdist_mean,diversity_gen_pairdist_mean,diversity_ratio_gen_over_real
0.019057132880623003,0.9979166666666667,0.03381213134611469,0.99875,0.008065653313373937,0.9928571428571429,0.012403193267320482,0.03251021221779835,0.00013439159263930675,0.019411094153656397,0.02787989219042635,0.034993466236385,0.0002344152161740101,0.019933988145817188,0.01339145860022346,0.008503880680058532,1.0778840075092207e-06,0.004032907455965781,1.7664989581364334,3.105822725007222,0.5506309336083378,4.614900524309522,3.7363906591296137,0.8096362275527679
