load_w1_quantile,load_p1_p99_coverage,wind_w1_quantile,wind_p1_p99_coverage,solar_w1_quantile,solar_p1_p99_coverage,load_mean_profile_mae,load_std_profile_mae,load_ramp_mean_abs_diff,load_ramp_std_abs_diff,wind_mean_profile_mae,wind_std_profile_mae,wind_ramp_mean_abs_diff,wind_ramp_std_abs_diff,solar_mean_profile_mae,solar_std_profile_mae,solar_ramp_mean_abs_diff,solar_ramp_std_abs_diff,energy_mean_l1,energy_std_l1,cross_var_corr_frobenius,diversity_real_pairdist_mean,diversity_gen_pairdist_mean,diversity_ratio_gen_over_real
0.008267350968362794,0.9479166666666666,0.03776386148252321,0.9935714285714285,0.009639172968453399,0.9944642857142857,0.012582157452352668,0.011688638957897428,1.3812812922581256e-05,0.01886446441319356,0.0502714719078884,0.04129652042841453,0.0008280008058566317,0.013656455217170287,0.009745469377718839,0.009892193140928898,3.6513512655337033e-07,0.0010250103460648363,2.643340535184604,1.3924367486145357,0.7346289574450228,4.1473439847301155,3.2092015263713893,0.7737968035564953
