{
  "load_w1_quantile": 0.009789068588453458,
  "load_p1_p99_coverage": 0.9644047619047619,
  "wind_w1_quantile": 0.04063289557366867,
  "wind_p1_p99_coverage": 0.9966071428571428,
  "solar_w1_quantile": 0.01587098789484515,
  "solar_p1_p99_coverage": 0.9907142857142858,
  "load_mean_profile_mae": 0.011576561316284019,
  "load_std_profile_mae": 0.010999084047139568,
  "load_ramp_mean_abs_diff": 7.836702980752763e-05,
  "load_ramp_std_abs_diff": 0.01245753266894211,
  "wind_mean_profile_mae": 0.041871853168571435,
  "wind_std_profile_mae": 0.024276921477710385,
  "wind_ramp_mean_abs_diff": 0.0003337788871813517,
  "wind_ramp_std_abs_diff": 0.023148279107979636,
  "solar_mean_profile_mae": 0.016077083248829477,
  "solar_std_profile_mae": 0.006874315840323156,
  "solar_ramp_mean_abs_diff": 7.57155795290676e-08,
  "solar_ramp_std_abs_diff": 0.009129765594780993,
  "energy_mean_l1": 3.117160082344622,
  "energy_std_l1": 1.7757826887259889,
  "cross_var_corr_frobenius": 0.30019830325678243,
  "diversity_real_pairdist_mean": 5.245530591528139,
  "diversity_gen_pairdist_mean": 4.879947870284761,
  "diversity_ratio_gen_over_real": 0.9303058624542434
}