load_w1_quantile,load_p1_p99_coverage,wind_w1_quantile,wind_p1_p99_coverage,solar_w1_quantile,solar_p1_p99_coverage,load_mean_profile_mae,load_std_profile_mae,load_ramp_mean_abs_diff,load_ramp_std_abs_diff,wind_mean_profile_mae,wind_std_profile_mae,wind_ramp_mean_abs_diff,wind_ramp_std_abs_diff,solar_mean_profile_mae,solar_std_profile_mae,solar_ramp_mean_abs_diff,solar_ramp_std_abs_diff,energy_mean_l1,energy_std_l1,cross_var_corr_frobenius,diversity_real_pairdist_mean,diversity_gen_pairdist_mean,diversity_ratio_gen_over_real,label,metrics_path,composite_score_smaller_better
0.010733369153779208,0.9120238095238096,0.018349887293428006,0.9877976190476191,0.007787665116250274,0.9938095238095238,0.022517790790004398,0.034884832888397624,2.3998043892583832e-05,0.02547708550503995,0.02020018139795493,0.02907515316448422,0.0004742678803266152,0.013556461861891522,0.011380518609965223,0.022785376940444194,1.7452252265660236e-07,0.003906271368591174,1.0172980729323509,1.9716298479853824,1.760474050133131,3.80175942988292,2.068167896844724,0.5440028306757926,0,experiments/baseline/eval_label0/metrics.json,2.8687415354268637
0.019057132880623003,0.9979166666666667,0.03381213134611469,0.99875,0.008065653313373937,0.9928571428571429,0.012403193267320482,0.03251021221779835,0.00013439159263930675,0.019411094153656397,0.02787989219042635,0.034993466236385,0.0002344152161740101,0.019933988145817188,0.01339145860022346,0.008503880680058532,1.0778840075092207e-06,0.004032907455965781,1.7664989581364334,3.105822725007222,0.5506309336083378,4.614900524309522,3.7363906591296137,0.8096362275527679,1,experiments/baseline/eval_label1/metrics.json,2.431739353342853
0.008267350968362794,0.9479166666666666,0.03776386148252321,0.9935714285714285,0.009639172968453399,0.9944642857142857,0.012582157452352668,0.011688638957897428,1.3812812922581256e-05,0.01886446441319356,0.0502714719078884,0.04129652042841453,0.0008280008058566317,0.013656455217170287,0.009745469377718839,0.009892193140928898,3.6513512655337033e-07,0.0010250103460648363,2.643340535184604,1.3924367486145357,0.7346289574450228,4.1473439847301155,3.2092015263713893,0.7737968035564953,2,experiments/baseline/eval_label2/metrics.json,3.506238976786926
