{
  "multivariate_es": 2.3541811651410516,
  "wind_crps": 0.09945054641972247,
  "wind_energy_score": -3.1725577958690314,
  "wind_coverage_100%": 77.22663139329806,
  "wind_width_100%": 51.13587041565493,
  "wind_coverage_90%": 70.2932098765432,
  "wind_width_90%": 44.03417361707513,
  "wind_coverage_80%": 61.155202821869494,
  "wind_width_80%": 36.93247681849535,
  "wind_coverage_deviation_80%": -18.844797178130506,
  "wind_coverage_deviation_90%": -19.7067901234568,
  "wind_coverage_95%": 74.10714285714286,
  "wind_coverage_deviation_95%": -20.89285714285714,
  "wind_acf_mae": 0.016359370323516084,
  "solar_crps": 0.06454539913972981,
  "solar_energy_score": -2.621566206067952,
  "solar_coverage_100%": 77.49118165784833,
  "solar_width_100%": 28.556711245618082,
  "solar_coverage_90%": 69.34523809523809,
  "solar_width_90%": 25.36429017123017,
  "solar_coverage_80%": 61.00088183421517,
  "solar_width_80%": 22.17186909684227,
  "solar_coverage_deviation_80%": -18.99911816578483,
  "solar_coverage_deviation_90%": -20.654761904761912,
  "solar_coverage_95%": 72.78439153439153,
  "solar_coverage_deviation_95%": -22.21560846560847,
  "solar_acf_mae": 0.03124714912976398,
  "load_crps": 0.06962767752507104,
  "load_energy_score": -2.053778598972853,
  "load_coverage_100%": 79.65167548500882,
  "load_width_100%": 33.30509995508077,
  "load_coverage_90%": 72.13403880070547,
  "load_width_90%": 28.755748307965284,
  "load_coverage_80%": 63.75661375661375,
  "load_width_80%": 24.206396660849816,
  "load_coverage_deviation_80%": -16.243386243386247,
  "load_coverage_deviation_90%": -17.86596119929453,
  "load_coverage_95%": 75.8046737213404,
  "load_coverage_deviation_95%": -19.195326278659607,
  "load_acf_mae": 0.010387479072721419,
  "total_crps": 0.07787454102817444,
  "total_energy_score": -2.615967533636612,
  "total_coverage_100%": 78.12316284538507,
  "total_width_100%": 37.66589387211793,
  "total_acf_mae": 0.019331332842000493
}