multivariate_es,wind_crps,wind_energy_score,wind_coverage_100%,wind_width_100%,wind_coverage_90%,wind_width_90%,wind_coverage_80%,wind_width_80%,wind_coverage_deviation_80%,wind_coverage_deviation_90%,wind_coverage_95%,wind_coverage_deviation_95%,wind_acf_mae,solar_crps,solar_energy_score,solar_coverage_100%,solar_width_100%,solar_coverage_90%,solar_width_90%,solar_coverage_80%,solar_width_80%,solar_coverage_deviation_80%,solar_coverage_deviation_90%,solar_coverage_95%,solar_coverage_deviation_95%,solar_acf_mae,load_crps,load_energy_score,load_coverage_100%,load_width_100%,load_coverage_90%,load_width_90%,load_coverage_80%,load_width_80%,load_coverage_deviation_80%,load_coverage_deviation_90%,load_coverage_95%,load_coverage_deviation_95%,load_acf_mae,total_crps,total_energy_score,total_coverage_100%,total_width_100%,total_acf_mae
2.3541811651410516,0.09945054641972247,-3.1725577958690314,77.22663139329806,51.13587041565493,70.2932098765432,44.03417361707513,61.155202821869494,36.93247681849535,-18.844797178130506,-19.7067901234568,74.10714285714286,-20.89285714285714,0.016359370323516084,0.06454539913972981,-2.621566206067952,77.49118165784833,28.556711245618082,69.34523809523809,25.36429017123017,61.00088183421517,22.17186909684227,-18.99911816578483,-20.654761904761912,72.78439153439153,-22.21560846560847,0.03124714912976398,0.06962767752507104,-2.053778598972853,79.65167548500882,33.30509995508077,72.13403880070547,28.755748307965284,63.75661375661375,24.206396660849816,-16.243386243386247,-17.86596119929453,75.8046737213404,-19.195326278659607,0.010387479072721419,0.07787454102817444,-2.615967533636612,78.12316284538507,37.66589387211793,0.019331332842000493
