load_w1_quantile,load_p1_p99_coverage,wind_w1_quantile,wind_p1_p99_coverage,solar_w1_quantile,solar_p1_p99_coverage,load_mean_profile_mae,load_std_profile_mae,load_ramp_mean_abs_diff,load_ramp_std_abs_diff,wind_mean_profile_mae,wind_std_profile_mae,wind_ramp_mean_abs_diff,wind_ramp_std_abs_diff,solar_mean_profile_mae,solar_std_profile_mae,solar_ramp_mean_abs_diff,solar_ramp_std_abs_diff,energy_mean_l1,energy_std_l1,cross_var_corr_frobenius,diversity_real_pairdist_mean,diversity_gen_pairdist_mean,diversity_ratio_gen_over_real,label,metrics_path,composite_score_smaller_better
0.020337515152679682,0.987202380952381,0.03187750962667297,0.9919642857142857,0.045537688149063636,0.8660714285714286,0.024401915698268387,0.017609676512184504,2.840793622754502e-05,0.014306401675137831,0.03966870855074914,0.03873122314263541,0.00026593037357103966,0.01887036558112806,0.045523813810339576,0.009103347003181748,4.951901094264891e-08,0.018083204651271556,5.38791580687629,2.786709205796995,0.3673440448289568,4.173504030566358,3.6858184788486836,0.8831472170681082,0,experiments/germany_quickcheck_20260404_v2/eval_label0/metrics.json,5.96260700269302
0.014998846499035037,0.9901785714285715,0.04539010734584934,0.9925595238095238,0.027015522745368777,0.8818452380952381,0.023717966950176368,0.01582606776246656,0.0001009654708028389,0.01456704104292756,0.05298652190704364,0.03613091466698385,0.0007667959055222888,0.02018006328904197,0.027699017255682638,0.009265087530538622,7.273673150296607e-08,0.013928212139827714,4.791389683517473,2.8470546096625835,0.10430914846252808,4.5855771249587205,4.184881180608165,0.912618206485766,1,experiments/germany_quickcheck_20260404_v2/eval_label1/metrics.json,5.087506814683158
0.022445629147528536,0.9761904761904762,0.08052068973971573,0.9961309523809524,0.0426053946134702,0.9877976190476191,0.025487677235671764,0.010736662219317744,0.0001039660252566303,0.012140063011995765,0.08270550774961735,0.036631401573263694,0.0007332127358639863,0.021705299956856928,0.04249149847681456,0.009492944746436114,7.672076184773116e-08,0.01594112636974624,8.087257981626959,2.655677537524635,0.18986531491292524,5.245530591528139,4.833726248184521,0.9214942425035801,2,experiments/germany_quickcheck_20260404_v2/eval_label2/metrics.json,8.573379693502702
